<metadata xml:lang="pl"><Esri><CreaDate>20250109</CreaDate><CreaTime>19452700</CreaTime><ArcGISFormat>1.0</ArcGISFormat><SyncOnce>FALSE</SyncOnce><DataProperties><itemProps><itemName Sync="TRUE">dzielnice miasta st_ Warszawy</itemName><imsContentType Sync="TRUE">002</imsContentType><itemLocation><linkage Sync="TRUE">file://\\N52750\C$\Users\u57058\OneDrive - Statkraft AS\Documents\ArcGIS\Projects\magister\granice_Warszawy\dzielnice miasta st_ Warszawy.shp</linkage><protocol Sync="TRUE">Local Area Network</protocol></itemLocation><itemSize Sync="TRUE">0.000</itemSize></itemProps><coordRef><type Sync="TRUE">Projected</type><geogcsn Sync="TRUE">ETRF2000-PL</geogcsn><csUnits Sync="TRUE">Linear Unit: Meter (1.000000)</csUnits><projcsn Sync="TRUE">ETRF2000-PL_CS92</projcsn><peXml Sync="TRUE">&lt;ProjectedCoordinateSystem xsi:type='typens:ProjectedCoordinateSystem' xmlns:xsi='http://www.w3.org/2001/XMLSchema-instance' xmlns:xs='http://www.w3.org/2001/XMLSchema' xmlns:typens='http://www.esri.com/schemas/ArcGIS/3.3.0'&gt;&lt;WKT&gt;PROJCS[&amp;quot;ETRF2000-PL_CS92&amp;quot;,GEOGCS[&amp;quot;ETRF2000-PL&amp;quot;,DATUM[&amp;quot;ETRF2000_Poland&amp;quot;,SPHEROID[&amp;quot;GRS_1980&amp;quot;,6378137.0,298.257222101]],PRIMEM[&amp;quot;Greenwich&amp;quot;,0.0],UNIT[&amp;quot;Degree&amp;quot;,0.0174532925199433]],PROJECTION[&amp;quot;Transverse_Mercator&amp;quot;],PARAMETER[&amp;quot;False_Easting&amp;quot;,500000.0],PARAMETER[&amp;quot;False_Northing&amp;quot;,-5300000.0],PARAMETER[&amp;quot;Central_Meridian&amp;quot;,19.0],PARAMETER[&amp;quot;Scale_Factor&amp;quot;,0.9993],PARAMETER[&amp;quot;Latitude_Of_Origin&amp;quot;,0.0],UNIT[&amp;quot;Meter&amp;quot;,1.0],AUTHORITY[&amp;quot;EPSG&amp;quot;,2180]]&lt;/WKT&gt;&lt;XOrigin&gt;-5119200&lt;/XOrigin&gt;&lt;YOrigin&gt;-15295100&lt;/YOrigin&gt;&lt;XYScale&gt;450580747.30322808&lt;/XYScale&gt;&lt;ZOrigin&gt;-100000&lt;/ZOrigin&gt;&lt;ZScale&gt;10000&lt;/ZScale&gt;&lt;MOrigin&gt;-100000&lt;/MOrigin&gt;&lt;MScale&gt;10000&lt;/MScale&gt;&lt;XYTolerance&gt;0.001&lt;/XYTolerance&gt;&lt;ZTolerance&gt;0.001&lt;/ZTolerance&gt;&lt;MTolerance&gt;0.001&lt;/MTolerance&gt;&lt;HighPrecision&gt;true&lt;/HighPrecision&gt;&lt;WKID&gt;2180&lt;/WKID&gt;&lt;LatestWKID&gt;2180&lt;/LatestWKID&gt;&lt;/ProjectedCoordinateSystem&gt;</peXml></coordRef><lineage><Process ToolSource="c:\program files\arcgis\pro\Resources\ArcToolbox\toolboxes\Conversion Tools.tbx\ExportFeatures" Date="20250109" Time="194527">ExportFeatures PL.PZGiK.330.BDOT10k.1465__OT_ADJA_A "C:\Users\u57058\OneDrive - Statkraft AS\Documents\ArcGIS\Projects\magister\magister.gdb\dzielnice_miasta" # NOT_USE_ALIAS "TERYT "TERYT" true true false 4 Text 0 0,First,#,PL.PZGiK.330.BDOT10k.1465__OT_ADJA_A,TERYT,0,3;LOKALNYID "LOKALNYID" true true false 254 Text 0 0,First,#,PL.PZGiK.330.BDOT10k.1465__OT_ADJA_A,LOKALNYID,0,253;PRZES_NAZW "PRZES_NAZW" true true false 254 Text 0 0,First,#,PL.PZGiK.330.BDOT10k.1465__OT_ADJA_A,PRZES_NAZW,0,253;WERSJA "WERSJA" true true false 21 Text 0 0,First,#,PL.PZGiK.330.BDOT10k.1465__OT_ADJA_A,WERSJA,0,20;POCZ_WERSJ "POCZ_WERSJ" true true false 21 Text 0 0,First,#,PL.PZGiK.330.BDOT10k.1465__OT_ADJA_A,POCZ_WERSJ,0,20;OZNA_ZMIAN "OZNA_ZMIAN" true true false 254 Text 0 0,First,#,PL.PZGiK.330.BDOT10k.1465__OT_ADJA_A,OZNA_ZMIAN,0,253;ZRO_DANYCH "ZRO_DANYCH" true true false 254 Text 0 0,First,#,PL.PZGiK.330.BDOT10k.1465__OT_ADJA_A,ZRO_DANYCH,0,253;KAT_ISTNIE "KAT_ISTNIE" true true false 254 Text 0 0,First,#,PL.PZGiK.330.BDOT10k.1465__OT_ADJA_A,KAT_ISTNIE,0,253;UWAGI "UWAGI" true true false 254 Text 0 0,First,#,PL.PZGiK.330.BDOT10k.1465__OT_ADJA_A,UWAGI,0,253;INFO_DODAT "INFO_DODAT" true true false 254 Text 0 0,First,#,PL.PZGiK.330.BDOT10k.1465__OT_ADJA_A,INFO_DODAT,0,253;KOD10K "KOD10K" true true false 254 Text 0 0,First,#,PL.PZGiK.330.BDOT10k.1465__OT_ADJA_A,KOD10K,0,253;SKROT_KART "SKROT_KART" true true false 254 Text 0 0,First,#,PL.PZGiK.330.BDOT10k.1465__OT_ADJA_A,SKROT_KART,0,253;RODZAJ "RODZAJ" true true false 254 Text 0 0,First,#,PL.PZGiK.330.BDOT10k.1465__OT_ADJA_A,RODZAJ,0,253;IDPRG "IDPRG" true true false 254 Text 0 0,First,#,PL.PZGiK.330.BDOT10k.1465__OT_ADJA_A,IDPRG,0,253;IDTERYTJED "IDTERYTJED" true true false 254 Text 0 0,First,#,PL.PZGiK.330.BDOT10k.1465__OT_ADJA_A,IDTERYTJED,0,253;IDTERYTNAD "IDTERYTNAD" true true false 254 Text 0 0,First,#,PL.PZGiK.330.BDOT10k.1465__OT_ADJA_A,IDTERYTNAD,0,253;NAZWA "NAZWA" true true false 254 Text 0 0,First,#,PL.PZGiK.330.BDOT10k.1465__OT_ADJA_A,NAZWA,0,253" #</Process><Process ToolSource="c:\program files\arcgis\pro\Resources\ArcToolbox\toolboxes\Data Management Tools.tbx\CopyFeatures" Date="20250601" Time="203243">CopyFeatures "granice administracyjne\dzielnice miasta st. Warszawy" "C:\Users\u57058\OneDrive - Statkraft AS\Documents\ArcGIS\Projects\magister\granice_Warszawy\dzielnice miasta st_ Warszawy.shp" # # # #</Process></lineage></DataProperties><SyncDate>20250601</SyncDate><SyncTime>20324300</SyncTime><ModDate>20250601</ModDate><ModTime>20324300</ModTime></Esri><dataIdInfo><envirDesc Sync="TRUE">Microsoft Windows 10 Version 10.0 (Build 26100) ; Esri ArcGIS 13.3.0.52636</envirDesc><dataLang><languageCode value="pol" Sync="TRUE"></languageCode><countryCode value="POL" Sync="TRUE"></countryCode></dataLang><idCitation><resTitle Sync="TRUE">dzielnice miasta st_ Warszawy</resTitle><presForm><PresFormCd value="005" Sync="TRUE"></PresFormCd></presForm></idCitation><spatRpType><SpatRepTypCd value="001" Sync="TRUE"></SpatRepTypCd></spatRpType></dataIdInfo><mdLang><languageCode value="pol" Sync="TRUE"></languageCode><countryCode value="POL" Sync="TRUE"></countryCode></mdLang><distInfo><distFormat><formatName Sync="TRUE">Shapefile</formatName></distFormat><distTranOps><transSize Sync="TRUE">0.000</transSize></distTranOps></distInfo><mdHrLv><ScopeCd value="005" Sync="TRUE"></ScopeCd></mdHrLv><mdHrLvName Sync="TRUE">dataset</mdHrLvName><refSysInfo><RefSystem><refSysID><identCode code="2180" Sync="TRUE"></identCode><idCodeSpace Sync="TRUE">EPSG</idCodeSpace><idVersion Sync="TRUE">6.7(9.0.0)</idVersion></refSysID></RefSystem></refSysInfo><spatRepInfo><VectSpatRep><geometObjs Name="dzielnice miasta st_ Warszawy"><geoObjTyp><GeoObjTypCd value="002" Sync="TRUE"></GeoObjTypCd></geoObjTyp><geoObjCnt Sync="TRUE">0</geoObjCnt></geometObjs><topLvl><TopoLevCd value="001" Sync="TRUE"></TopoLevCd></topLvl></VectSpatRep></spatRepInfo><spdoinfo><ptvctinf><esriterm Name="dzielnice miasta st_ Warszawy"><efeatyp Sync="TRUE">Simple</efeatyp><efeageom code="4" Sync="TRUE"></efeageom><esritopo Sync="TRUE">FALSE</esritopo><efeacnt Sync="TRUE">0</efeacnt><spindex Sync="TRUE">FALSE</spindex><linrefer Sync="TRUE">FALSE</linrefer></esriterm></ptvctinf></spdoinfo><eainfo><detailed Name="dzielnice miasta st_ Warszawy"><enttyp><enttypl Sync="TRUE">dzielnice miasta st_ Warszawy</enttypl><enttypt Sync="TRUE">Feature Class</enttypt><enttypc Sync="TRUE">0</enttypc></enttyp><attr><attrlabl Sync="TRUE">FID</attrlabl><attalias Sync="TRUE">FID</attalias><attrtype Sync="TRUE">OID</attrtype><attwidth Sync="TRUE">4</attwidth><atprecis Sync="TRUE">0</atprecis><attscale Sync="TRUE">0</attscale><attrdef Sync="TRUE">Internal feature number.</attrdef><attrdefs Sync="TRUE">Esri</attrdefs><attrdomv><udom Sync="TRUE">Sequential unique whole numbers that are automatically generated.</udom></attrdomv></attr><attr><attrlabl Sync="TRUE">Shape</attrlabl><attalias Sync="TRUE">Shape</attalias><attrtype Sync="TRUE">Geometry</attrtype><attwidth Sync="TRUE">0</attwidth><atprecis Sync="TRUE">0</atprecis><attscale Sync="TRUE">0</attscale><attrdef Sync="TRUE">Feature geometry.</attrdef><attrdefs Sync="TRUE">Esri</attrdefs><attrdomv><udom Sync="TRUE">Coordinates defining the features.</udom></attrdomv></attr><attr><attrlabl Sync="TRUE">TERYT</attrlabl><attalias Sync="TRUE">TERYT</attalias><attrtype Sync="TRUE">String</attrtype><attwidth Sync="TRUE">4</attwidth><atprecis Sync="TRUE">0</atprecis><attscale Sync="TRUE">0</attscale></attr><attr><attrlabl Sync="TRUE">LOKALNYID</attrlabl><attalias Sync="TRUE">LOKALNYID</attalias><attrtype Sync="TRUE">String</attrtype><attwidth Sync="TRUE">254</attwidth><atprecis Sync="TRUE">0</atprecis><attscale Sync="TRUE">0</attscale></attr><attr><attrlabl Sync="TRUE">PRZES_NAZW</attrlabl><attalias Sync="TRUE">PRZES_NAZW</attalias><attrtype Sync="TRUE">String</attrtype><attwidth Sync="TRUE">254</attwidth><atprecis Sync="TRUE">0</atprecis><attscale Sync="TRUE">0</attscale></attr><attr><attrlabl Sync="TRUE">WERSJA</attrlabl><attalias Sync="TRUE">WERSJA</attalias><attrtype Sync="TRUE">String</attrtype><attwidth Sync="TRUE">21</attwidth><atprecis Sync="TRUE">0</atprecis><attscale Sync="TRUE">0</attscale></attr><attr><attrlabl Sync="TRUE">POCZ_WERSJ</attrlabl><attalias Sync="TRUE">POCZ_WERSJ</attalias><attrtype Sync="TRUE">String</attrtype><attwidth Sync="TRUE">21</attwidth><atprecis Sync="TRUE">0</atprecis><attscale Sync="TRUE">0</attscale></attr><attr><attrlabl Sync="TRUE">OZNA_ZMIAN</attrlabl><attalias Sync="TRUE">OZNA_ZMIAN</attalias><attrtype Sync="TRUE">String</attrtype><attwidth Sync="TRUE">254</attwidth><atprecis Sync="TRUE">0</atprecis><attscale Sync="TRUE">0</attscale></attr><attr><attrlabl Sync="TRUE">ZRO_DANYCH</attrlabl><attalias Sync="TRUE">ZRO_DANYCH</attalias><attrtype Sync="TRUE">String</attrtype><attwidth Sync="TRUE">254</attwidth><atprecis Sync="TRUE">0</atprecis><attscale Sync="TRUE">0</attscale></attr><attr><attrlabl Sync="TRUE">KAT_ISTNIE</attrlabl><attalias Sync="TRUE">KAT_ISTNIE</attalias><attrtype Sync="TRUE">String</attrtype><attwidth Sync="TRUE">254</attwidth><atprecis Sync="TRUE">0</atprecis><attscale Sync="TRUE">0</attscale></attr><attr><attrlabl Sync="TRUE">UWAGI</attrlabl><attalias Sync="TRUE">UWAGI</attalias><attrtype Sync="TRUE">String</attrtype><attwidth Sync="TRUE">254</attwidth><atprecis Sync="TRUE">0</atprecis><attscale Sync="TRUE">0</attscale></attr><attr><attrlabl Sync="TRUE">INFO_DODAT</attrlabl><attalias Sync="TRUE">INFO_DODAT</attalias><attrtype Sync="TRUE">String</attrtype><attwidth Sync="TRUE">254</attwidth><atprecis Sync="TRUE">0</atprecis><attscale Sync="TRUE">0</attscale></attr><attr><attrlabl Sync="TRUE">KOD10K</attrlabl><attalias Sync="TRUE">KOD10K</attalias><attrtype Sync="TRUE">String</attrtype><attwidth Sync="TRUE">254</attwidth><atprecis Sync="TRUE">0</atprecis><attscale Sync="TRUE">0</attscale></attr><attr><attrlabl Sync="TRUE">SKROT_KART</attrlabl><attalias Sync="TRUE">SKROT_KART</attalias><attrtype Sync="TRUE">String</attrtype><attwidth Sync="TRUE">254</attwidth><atprecis Sync="TRUE">0</atprecis><attscale Sync="TRUE">0</attscale></attr><attr><attrlabl Sync="TRUE">RODZAJ</attrlabl><attalias Sync="TRUE">RODZAJ</attalias><attrtype Sync="TRUE">String</attrtype><attwidth Sync="TRUE">254</attwidth><atprecis Sync="TRUE">0</atprecis><attscale Sync="TRUE">0</attscale></attr><attr><attrlabl Sync="TRUE">IDPRG</attrlabl><attalias Sync="TRUE">IDPRG</attalias><attrtype Sync="TRUE">String</attrtype><attwidth Sync="TRUE">254</attwidth><atprecis Sync="TRUE">0</atprecis><attscale Sync="TRUE">0</attscale></attr><attr><attrlabl Sync="TRUE">IDTERYTJED</attrlabl><attalias Sync="TRUE">IDTERYTJED</attalias><attrtype Sync="TRUE">String</attrtype><attwidth Sync="TRUE">254</attwidth><atprecis Sync="TRUE">0</atprecis><attscale Sync="TRUE">0</attscale></attr><attr><attrlabl Sync="TRUE">IDTERYTNAD</attrlabl><attalias Sync="TRUE">IDTERYTNAD</attalias><attrtype Sync="TRUE">String</attrtype><attwidth Sync="TRUE">254</attwidth><atprecis Sync="TRUE">0</atprecis><attscale Sync="TRUE">0</attscale></attr><attr><attrlabl Sync="TRUE">NAZWA</attrlabl><attalias Sync="TRUE">NAZWA</attalias><attrtype Sync="TRUE">String</attrtype><attwidth Sync="TRUE">254</attwidth><atprecis Sync="TRUE">0</atprecis><attscale Sync="TRUE">0</attscale></attr><attr><attrlabl Sync="TRUE">Shape_Leng</attrlabl><attalias Sync="TRUE">Shape_Leng</attalias><attrtype Sync="TRUE">Double</attrtype><attwidth Sync="TRUE">19</attwidth><atprecis Sync="TRUE">0</atprecis><attscale Sync="TRUE">0</attscale></attr><attr><attrlabl Sync="TRUE">Shape_Area</attrlabl><attalias Sync="TRUE">Shape_Area</attalias><attrtype Sync="TRUE">Double</attrtype><attwidth Sync="TRUE">19</attwidth><atprecis Sync="TRUE">0</atprecis><attscale Sync="TRUE">0</attscale><attrdef Sync="TRUE">Area of feature in internal units squared.</attrdef><attrdefs Sync="TRUE">Esri</attrdefs><attrdomv><udom Sync="TRUE">Positive real numbers that are automatically generated.</udom></attrdomv></attr></detailed></eainfo><mdDateSt Sync="TRUE">20250601</mdDateSt></metadata>
